complaint_id,complainant_sex,complainant_race,complainant_age
15-0147,female,white,34
15-0148,female,black,
15-0149,male,black,28
15-0150,male,black,25
15-0151,female,black,27
15-0152,male,black,59
15-0153,female,white,69
15-0154,female,black,21
15-0155,male,black,31
15-0156,male,black,58
15-0157,male,white,30
15-0158,male,black,42
15-0159,male,,48
15-0160,female,black,56
15-0161,male,white,
15-0161,female,white,42
15-0162,male,black,28
15-0163,male,white,46
15-0164,female,black,20
15-0165,female,black,37
15-0165,male,black,13
15-0166,male,black,50
15-0167,male,black,37
15-0168,female,,43
15-0169,female,black,55
15-0170,female,latino,34
15-0171,male,white,59
15-0172,male,white,31
15-0173,female,black,48
15-0174,male,black,55
15-0175,male,black,49
15-0176,female,asian,45
15-0177,female,black,36
15-0178,female,black,30
15-0179,female,black,31
15-0180,male,white,31
15-0181,female,white,46
15-0182,female,white,27
15-0183,male,black,
15-0184,female,asian,45
15-0185,female,,
15-0186,female,black,50
15-0187,female,black,59
15-0187,female,,
15-0188,male,,18
15-0189,male,latino,34
15-0190,male,black,21
15-0191,male,black,
15-0192,male,black,48
15-0193,female,white,34
15-0194,female,black,21
15-0195,male,white,
15-0196,male,,68
15-0197,female,black,41
15-0198,female,white,29
15-0199,female,black,27
15-0200,male,white,56
15-0201,male,black,37
15-0202,female,black,49
15-0203,female,black,38
15-0204,female,black,36
15-0205,female,black,46
15-0206,female,latino,30
15-0207,male,asian,29
15-0208,,,
15-0209,female,black,44
15-0210,male,,
15-0211,female,white,61
15-0212,female,,23
15-0213,male,black,
15-0214,male,white,47
15-0215,male,black,30
15-0216,female,asian,23
15-0217,male,white,
15-0217,female,white,44
15-0218,male,white,68
15-0219,male,white,25
15-0220,female,,29
15-0221,male,white,33
15-0222,female,black,50
15-0223,male,black,21
15-0224,male,black,18
15-0225,male,black,35
15-0226,female,latino,41
15-0227,female,black,40
15-0228,male,black,26
15-0229,female,,27
15-0230,female,black,25
15-0231,male,latino,36
15-0232,female,black,31
15-0232,female,black,55
15-0233,male,white,27
15-0234,male,black,40
15-0235,male,black,29
15-0236,female,latino,28
15-0237,female,white,27
15-0238,male,asian,40
15-0239,male,black,
15-0240,male,black,20
15-0241,female,latino,21
15-0242,female,black,33
15-0243,male,latino,48
15-0244,male,white,25
15-0245,male,white,59
15-0246,female,,41
15-0247,female,black,48
15-0248,male,latino,21
15-0249,male,white,58
15-0250,female,black,16
15-0250,female,black,52
15-0251,male,black,37
15-0252,male,black,32
15-0253,male,white,44
15-0254,male,black,
15-0255,male,white,59
15-0256,male,white,54
15-0257,male,white,43
15-0258,female,white,42
15-0259,female,black,
15-0260,male,black,
15-0261,male,latino,19
15-0262,male,black,25
15-0263,female,white,56
15-0264,female,black,33
15-0265,male,black,41
15-0266,male,black,22
15-0267,male,black,72
15-0268,male,black,17
15-0269,male,black,25
15-0270,male,black,62
15-0271,female,,
15-0272,male,asian,47
15-0273,female,latino,35
15-0274,female,white,26
15-0275,male,latino,31
15-0276,male,white,23
15-0277,female,black,33
15-0278,male,black,27
15-0279,female,white,45
15-0280,female,black,28
15-0281,female,black,61
15-0281,male,,
15-0282,female,white,30
15-0283,female,black,46
15-0284,male,black,20
15-0285,male,black,47
15-0286,male,black,29
15-0287,male,white,51
15-0288,male,white,42
15-0289,female,white,60
15-0290,female,white,33
15-0291,male,black,44
15-0292,female,white,44
15-0292,male,white,46
15-0293,male,black,24
15-0294,female,latino,31
15-0295,female,black,24
15-0296,female,black,28
15-0297,male,black,39
15-0298,female,black,26
15-0299,male,black,20
15-0300,male,white,48
15-0301,male,,27
15-0302,female,white,25
15-0303,female,black,31
15-0304,female,black,55
15-0305,female,black,44
15-0306,female,black,36
15-0307,female,black,35
15-0308,male,black,21
15-0309,female,white,40
15-0310,female,white,25
15-0311,female,black,
15-0312,,,
15-0314,female,black,47
15-0315,male,white,42
15-0316,female,,28
15-0317,female,latino,40
15-0318,male,black,38
15-0319,male,,53
15-0320,female,black,36
15-0321,male,black,53
15-0322,female,,27
15-0323,female,white,42
15-0324,male,black,26
15-0324,female,black,26
15-0325,female,black,28
15-0326,female,,23
15-0327,female,latino,55
15-0328,male,black,26
15-0329,female,black,22
15-0330,female,white,34
15-0330,female,,12
15-0331,male,white,49
15-0332,female,,
15-0333,male,,
15-0334,female,black,55
15-0335,male,,32
15-0336,female,white,36
15-0337,female,white,35
15-0338,female,black,53
15-0339,female,black,42
15-0340,female,,31
15-0341,female,white,45
15-0342,female,,
15-0343,male,black,30
15-0344,male,black,26
15-0345,male,asian,41
15-0346,female,black,50
15-0347,female,white,50
15-0347,male,black,37
15-0348,female,black,54
15-0349,female,black,25
15-0350,male,black,
15-0351,female,white,33
15-0352,female,black,21
15-0353,male,,
15-0354,female,white,41
15-0355,male,black,34
15-0356,female,black,38
15-0357,male,white,26
15-0358,male,black,26
15-0359,female,other,25
15-0360,female,black,41
15-0361,female,latino,23
15-0362,female,white,32
15-0363,male,white,25
15-0364,female,black,42
15-0365,male,black,49
15-0366,female,white,
15-0367,male,black,45
15-0368,male,black,48
15-0369,male,black,31
15-0370,female,black,22
15-0371,male,white,34
15-0372,male,black,29
15-0373,male,black,26
15-0374,female,,
15-0375,female,black,47
15-0376,female,white,27
15-0377,female,white,29
15-0378,male,black,41
15-0379,female,latino,35
15-0380,female,black,34
15-0381,male,latino,45
15-0382,male,white,52
15-0383,male,black,24
15-0384,female,black,47
15-0385,female,black,42
15-0386,female,black,34
15-0387,male,black,
15-0388,male,black,33
15-0389,female,white,44
15-0390,female,black,52
15-0391,female,,
15-0392,male,,
15-0392,female,,
15-0393,male,black,17
15-0394,male,white,38
15-0395,male,,
15-0396,male,black,53
15-0397,female,black,17
15-0398,female,black,52
15-0399,male,black,50
15-0400,female,black,50
15-0400,male,black,
15-0401,male,latino,52
15-0402,female,black,31
15-0403,male,white,33
15-0404,female,,
15-0405,female,black,29
15-0406,male,black,
15-0407,female,black,31
15-0408,male,black,31
15-0409,female,white,25
15-0410,male,black,35
15-0411,male,black,33
15-0412,male,white,41
15-0413,male,white,60
15-0414,female,white,58
15-0415,male,asian,
15-0416,female,,
15-0417,male,,
15-0418,female,,30
15-0419,male,white,55
15-0420,female,latino,
15-0421,female,white,31
15-0422,male,,
15-0423,male,asian,35
15-0424,male,white,25
15-0425,female,white,53
15-0426,male,white,43
15-0427,female,white,21
15-0428,male,black,50
15-0429,male,black,52
15-0430,male,other,28
15-0431,female,white,54
15-0432,female,,
15-0433,male,black,25
15-0434,female,black,58
15-0435,male,white,45
15-0436,male,black,38
15-0437,female,white,36
15-0438,female,black,27
15-0439,female,black,38
15-0440,male,black,67
15-0441,male,black,
15-0442,male,black,
15-0443,male,black,
15-0444,female,black,32
15-0445,male,black,33
15-0446,female,black,38
15-0447,male,black,
15-0448,male,,
15-0449,male,white,23
15-0450,male,asian,55
15-0451,,,
15-0452,male,black,21
15-0453,male,black,22
15-0454,female,black,
15-0455,female,white,39
15-0456,male,black,48
15-0457,female,white,24
15-0458,male,black,37
15-0459,male,black,
15-0460,female,,
15-0461,female,latino,25
15-0462,female,white,25
15-0463,male,white,39
15-0464,female,black,29
15-0465,male,black,54
15-0466,male,black,60
15-0467,female,black,
15-0467,female,black,58
15-0468,female,white,59
15-0469,female,black,42
15-0470,female,latino,42
15-0470,male,latino,
15-0471,female,black,36
15-0472,female,black,36
15-0473,female,,46
15-0474,female,asian,30
15-0475,male,black,
15-0476,male,black,
15-0477,female,black,68
15-0478,male,black,
15-0479,male,black,41
15-0480,female,black,53
15-0481,male,white,22
15-0482,male,latino,24
15-0483,male,black,28
15-0484,male,black,23
15-0485,male,black,27
15-0486,female,white,36
15-0487,female,black,25
15-0487,male,black,25
15-0488,male,white,43
15-0489,male,black,
15-0490,male,black,49
15-0491,male,black,28
15-0492,male,white,33
15-0493,male,white,45
15-0494,male,black,35
15-0495,female,white,26
15-0496,female,white,31
15-0497,male,,
15-0498,female,black,35
15-0499,,,
15-0500,male,latino,58
15-0501,male,black,56
15-0502,male,black,62
15-0503,male,black,15
15-0504,female,black,48
15-0505,male,white,39
15-0506,female,latino,41
15-0507,male,black,18
15-0507,male,black,47
15-0508,female,latino,25
15-0509,female,latino,
15-0510,female,white,24
15-0511,male,black,45
15-0512,male,black,34
15-0513,female,black,33
15-0513,male,black,15
15-0514,male,latino,26
15-0515,female,white,23
15-0515,female,white,15
15-0516,male,black,46
15-0517,female,black,31
15-0518,female,black,32
15-0519,male,white,34
15-0520,female,black,33
15-0520,female,black,54
15-0521,female,black,33
15-0522,female,white,51
15-0523,male,black,44
15-0524,male,black,50
15-0525,male,black,37
15-0526,male,black,40
15-0527,male,black,34
15-0528,female,black,46
15-0529,female,black,25
15-0529,male,black,25
15-0530,male,black,22
15-0531,male,white,53
15-0532,female,black,
15-0533,female,white,42
15-0534,female,black,44
15-0535,female,black,25
15-0536,male,black,
15-0537,male,latino,19
15-0538,female,asian,56
15-0539,female,other,25
15-0540,female,black,42
15-0541,female,white,33
15-0542,female,black,
15-0543,,,
15-0544,female,black,68
15-0545,male,black,35
15-0546,female,white,65
15-0547,female,latino,50
15-0548,female,white,81
15-0549,female,white,22
15-0550,female,,
15-0551,male,black,26
15-0552,male,black,25
15-0553,male,white,50
15-0554,female,black,68
15-0555,female,,54
15-0556,male,white,31
15-0557,female,black,51
15-0558,female,black,44
15-0559,female,asian,27
15-0560,male,black,45
15-0561,female,white,61
15-0562,male,,31
15-0563,female,black,54
15-0564,male,black,30
15-0565,female,latino,49
15-0566,male,black,49
15-0567,female,black,40
15-0568,male,black,42
15-0569,male,black,55
15-0570,male,black,20
15-0571,male,black,48
15-0572,male,asian,56
15-0573,female,,34
15-0574,female,,34
15-0574,male,latino,12
15-0575,female,black,34
15-0576,female,black,45
15-0577,male,black,64
15-0578,female,black,28
15-0579,male,black,
15-0580,female,other,22
15-0581,male,black,28
15-0582,male,latino,32
15-0583,female,black,55
15-0584,male,white,29
15-0585,female,,34
15-0586,female,,29
15-0587,male,black,
15-0588,female,black,57
15-0589,male,black,25
15-0590,male,,
15-0591,female,black,46
15-0592,male,black,27
15-0593,male,white,50
15-0594,female,black,43
15-0594,male,black,25
15-0595,female,white,35
15-0596,female,white,28
15-0597,male,,31
15-0598,female,black,33
15-0599,female,black,35
15-0600,male,black,36
15-0601,female,black,36
15-0602,male,black,45
15-0603,male,asian,52
15-0604,female,latino,22
15-0605,female,,50
15-0606,male,white,33
15-0607,male,white,45
15-0608,female,black,37
15-0609,male,white,59
15-0610,male,white,
15-0611,female,black,35
15-0612,female,latino,37
15-0613,female,latino,22
15-0614,female,black,
15-0615,male,white,27
15-0616,female,black,27
15-0616,female,black,21
15-0617,female,black,57
15-0618,male,,30
15-0619,male,black,55
15-0620,male,black,20
15-0621,male,latino,26
15-0622,male,white,21
15-0623,male,latino,36
15-0624,male,black,45
15-0625,male,black,26
15-0626,female,,
15-0627,female,white,32
15-0628,female,black,42
15-0629,female,black,53
15-0630,male,white,53
15-0631,male,black,33
15-0632,female,black,44
15-0633,male,black,45
15-0634,male,black,32
15-0635,male,,37
15-0636,male,black,63
15-0637,male,black,
15-0638,male,black,34
15-0639,female,white,57
15-0640,male,black,36
15-0641,female,white,22
15-0642,male,black,50
15-0643,female,white,38
15-0644,male,white,42
15-0645,female,black,35
15-0646,male,,
15-0647,female,white,40
15-0648,female,black,59
15-0649,female,latino,26
15-0650,male,black,63
15-0651,male,black,32
15-0652,female,white,63
15-0653,male,latino,60
15-0654,female,white,50
15-0655,male,white,45
15-0656,male,black,
15-0657,male,black,33
15-0658,female,white,40
15-0659,male,black,52
15-0660,male,black,16
15-0661,female,asian,23
15-0662,female,white,44
15-0663,male,latino,33
15-0664,female,,
15-0665,female,black,38
15-0666,,,
15-0667,female,black,30
15-0668,male,black,51
15-0669,male,,41
15-0670,female,black,54
15-0671,male,black,44
15-0672,male,black,21
15-0673,female,white,
15-0674,male,black,62
15-0675,female,black,34
15-0676,male,white,55
15-0677,female,,45
15-0678,female,white,59
15-0679,male,,
15-0679,female,asian,38
15-0680,female,black,42
15-0681,male,black,36
15-0682,male,,
15-0683,male,black,54
15-0684,male,black,50
15-0685,male,black,28
15-0686,female,,24
15-0687,male,black,52
15-0688,female,black,51
15-0689,female,white,19
15-0690,female,black,36
15-0691,male,white,57
15-0692,male,black,21
15-0693,male,white,31
15-0694,male,black,29
15-0695,male,black,29
15-0696,female,,52
15-0697,male,black,50
15-0698,female,,
15-0698,female,white,33
15-0699,male,latino,42
15-0700,male,white,48
15-0701,male,latino,40
15-0702,female,white,46
15-0703,male,white,59
15-0704,female,,57
15-0705,female,white,32
15-0706,male,black,29
15-0707,female,,
15-0707,,,
15-0707,,,
15-0708,female,,
15-0709,female,,
15-0709,female,white,15
15-0710,male,black,58
15-0711,female,white,50
15-0712,male,black,47
15-0713,female,black,24
15-0714,female,,38
15-0715,male,white,
15-0716,female,black,46
15-0717,female,black,39
15-0717,female,black,60
15-0718,male,black,55
15-0719,female,black,44
15-0720,female,white,60
15-0721,female,black,47
15-0722,male,black,46
15-0723,male,,
15-0724,female,black,33
15-0725,male,black,13
15-0725,female,other,
15-0726,male,black,30
15-0727,male,,27
15-0727,female,black,24
15-0728,female,,29
15-0729,male,white,36
15-0730,male,,24
15-0731,female,,44
15-0732,male,black,33
15-0733,female,asian,36
15-0734,male,black,15
15-0734,female,black,31
15-0735,male,black,31
15-0736,male,,42
15-0737,female,black,53
15-0738,male,latino,31
15-0739,male,black,45
15-0740,male,black,58
15-0741,male,black,26
15-0742,female,black,52
15-0743,female,black,26
15-0744,male,black,33
15-0745,female,black,32
15-0746,female,black,26
15-0747,female,black,45
15-0748,male,white,60
15-0749,male,white,25
15-0750,female,,
15-0751,male,black,73
15-0752,male,white,26
15-0753,male,white,46
15-0754,female,asian,
15-0755,male,white,18
15-0756,male,black,28
15-0757,female,latino,39
15-0758,female,white,41
15-0759,female,white,48
15-0760,female,black,31
15-0761,male,black,45
15-0762,male,black,46
15-0763,male,white,35
15-0764,male,black,40
15-0765,male,white,46
15-0766,male,,41
15-0767,female,black,25
15-0768,male,white,43
15-0769,female,black,25
15-0770,female,black,42
15-0771,female,black,47
15-0772,female,black,23
15-0773,female,black,31
15-0774,female,white,42
15-0775,female,latino,47
15-0776,female,black,62
15-0777,male,black,49
15-0778,male,black,
15-0779,female,black,41
15-0780,female,black,37
15-0781,male,white,57
15-0782,female,white,40
15-0783,male,white,33
15-0784,female,black,26
15-0785,female,asian,42
15-0786,female,latino,45
15-0787,male,other,26
15-0788,male,black,46
15-0789,female,black,26
15-0789,male,black,30
15-0790,male,black,27
15-0791,male,white,80
15-0792,male,black,31
16-0001,male,white,28
16-0002,female,black,23
16-0003,female,black,25
16-0004,male,black,26
16-0005,male,,47
16-0006,male,black,50
16-0007,female,black,
16-0008,female,,
16-0009,female,black,
16-0010,male,indian,45
16-0011,female,black,37
16-0012,female,black,26
16-0013,female,black,46
16-0014,male,other,27
16-0015,male,indian,32
16-0016,female,white,44
16-0017,male,,57
16-0018,female,black,40
16-0019,male,white,21
16-0020,female,white,32
16-0021,female,latino,39
16-0022,male,white,46
16-0023,female,black,44
16-0024,male,white,
16-0025,male,black,
16-0026,male,white,47
16-0027,male,latino,42
16-0028,male,black,54
16-0029,female,black,40
16-0030,female,black,52
16-0031,female,black,46
16-0032,female,black,37
16-0033,male,white,60
16-0034,female,black,28
16-0035,female,black,52
16-0036,male,black,34
16-0037,male,black,39
16-0038,male,white,47
16-0039,male,,
16-0040,female,black,37
16-0041,female,black,20
16-0042,female,,
16-0042,male,,
16-0042,male,,
16-0043,male,white,29
16-0044,male,white,39
16-0045,male,black,36
16-0046,male,black,48
16-0047,female,white,54
16-0048,female,black,42
16-0049,male,white,60
16-0050,male,black,30
16-0051,male,asian,54
16-0052,female,white,51
16-0053,female,black,23
16-0054,male,,41
16-0055,male,white,48
16-0056,male,black,68
16-0057,female,black,29
16-0058,female,black,29
16-0058,male,latino,42
16-0059,female,black,29
16-0060,male,white,59
16-0061,male,black,48
16-0062,female,black,38
16-0063,female,latino,47
16-0064,female,black,39
16-0065,male,,38
16-0065,female,,
16-0066,male,white,31
16-0067,male,black,31
16-0068,female,black,55
16-0069,male,,23
16-0070,male,black,
16-0071,female,,21
16-0072,male,asian,48
16-0073,female,latino,36
16-0074,male,black,39
16-0075,female,black,25
16-0076,male,white,31
16-0077,female,black,27
16-0078,female,black,55
16-0079,male,asian,44
16-0080,male,asian,44
16-0081,male,white,56
16-0082,female,black,52
16-0083,male,,39
16-0084,female,black,26
16-0085,male,black,45
16-0086,male,latino,19
16-0087,male,black,45
16-0088,male,black,27
16-0089,male,latino,45
16-0090,female,white,23
16-0091,male,asian,29
16-0092,female,white,70
16-0093,female,black,46
16-0094,female,black,30
16-0095,male,black,40
16-0096,male,black,
16-0097,female,black,53
16-0098,female,other,26
16-0099,female,black,42
16-0100,male,black,44
16-0101,male,latino,13
16-0101,female,latino,19
16-0102,female,,38
16-0103,female,black,
16-0104,female,black,25
16-0105,female,white,22
16-0106,female,black,42
16-0107,male,white,56
16-0108,female,black,28
16-0109,male,white,37
16-0110,female,black,37
16-0111,male,black,42
16-0112,female,,
16-0113,female,black,58
16-0114,female,black,29
16-0115,female,latino,44
16-0116,female,black,32
16-0117,female,latino,44
16-0118,male,,30
16-0119,male,black,32
16-0120,female,black,
16-0121,male,black,33
16-0122,male,white,
16-0123,male,white,
16-0124,female,,41
16-0125,male,black,36
16-0126,male,white,53
16-0127,female,black,24
16-0128,female,latino,39
16-0129,female,black,67
16-0130,female,black,52
16-0131,male,black,28
16-0132,male,black,54
16-0133,male,white,22
16-0134,female,asian,20
16-0135,female,black,47
16-0136,male,black,23
16-0137,female,,
16-0138,male,black,
16-0139,female,black,51
16-0140,female,,23
16-0141,female,black,41
16-0142,female,black,25
16-0143,male,black,67
16-0144,male,,39
16-0145,male,latino,
16-0146,male,black,
16-0147,female,white,44
16-0148,female,black,62
16-0149,male,black,43
16-0150,female,latino,35
16-0151,female,white,
16-0151,female,black,29
16-0152,male,,27
16-0153,female,black,63
16-0154,,,
16-0155,male,,48
16-0156,female,black,47
16-0157,male,black,22
16-0158,female,black,48
16-0159,male,asian,51
16-0160,female,white,50
16-0161,female,black,23
16-0162,female,black,26
16-0163,female,black,53
16-0164,male,black,
16-0165,male,,49
16-0166,male,black,30
16-0167,female,black,22
16-0168,female,black,26
16-0169,female,latino,44
16-0170,male,black,27
16-0171,female,white,34
16-0172,male,latino,46
16-0173,female,black,50
16-0174,male,latino,20
16-0175,male,black,32
16-0176,female,black,22
16-0177,male,black,54
16-0178,female,black,23
16-0179,male,white,74
16-0180,male,black,30
16-0181,female,latino,48
16-0182,female,latino,27
16-0183,male,latino,37
16-0184,female,white,31
16-0185,male,black,30
16-0186,female,black,26
16-0187,female,latino,41
16-0188,male,white,30
16-0190,male,black,38
16-0191,male,middle east,22
16-0192,male,,28
16-0193,male,white,41
16-0194,male,,29
16-0195,male,black,41
16-0196,female,white,
16-0197,male,black,48
16-0198,female,black,26
16-0199,male,black,50
16-0200,female,white,29
16-0201,male,black,27
16-0202,male,black,45
16-0203,female,black,50
16-0204,male,black,29
16-0205,female,black,41
16-0206,male,black,22
16-0207,female,white,41
16-0208,female,,25
16-0209,male,,39
16-0209,male,black,56
16-0210,male,white,53
16-0210,female,white,58
16-0211,male,black,43
16-0212,male,white,48
16-0212,male,white,
16-0213,male,black,60
16-0214,female,black,47
16-0215,male,black,
16-0215,female,black,42
16-0216,male,latino,25
16-0217,female,black,25
16-0218,male,black,50
16-0219,female,black,43
16-0220,male,latino,37
16-0221,male,black,
16-0222,female,black,58
16-0223,female,black,34
16-0224,female,black,23
16-0225,female,black,52
16-0226,female,,
16-0227,male,black,39
16-0228,female,black,66
16-0229,male,,23
16-0230,female,black,67
16-0231,male,black,39
16-0232,female,white,44
16-0233,female,black,57
16-0233,male,black,
16-0234,male,black,25
16-0235,female,black,20
16-0236,female,black,33
16-0237,male,black,46
16-0238,male,,37
16-0239,male,white,65
16-0240,male,black,30
16-0241,male,black,47
16-0242,female,latino,36
16-0243,female,black,30
16-0244,male,latino,30
16-0245,male,black,48
16-0246,male,black,50
16-0247,female,black,49
16-0248,male,black,
16-0249,male,latino,35
16-0250,male,black,46
16-0251,male,black,44
16-0252,female,black,30
16-0253,female,white,46
16-0254,female,black,37
16-0255,male,latino,46
16-0256,female,black,30
16-0257,female,black,47
16-0258,female,black,30
16-0259,female,black,42
16-0260,male,black,30
16-0261,male,white,34
16-0262,male,black,54
16-0263,male,black,26
16-0264,male,white,39
16-0265,male,black,29
16-0266,male,black,47
16-0267,male,black,34
16-0268,female,black,54
16-0269,male,black,35
16-0270,male,black,32
16-0271,male,black,30
16-0272,female,latino,47
16-0273,male,black,61
16-0274,male,black,56
16-0275,female,,42
16-0276,female,black,32
16-0276,male,black,37
16-0277,female,white,64
16-0278,male,white,49
16-0279,male,white,49
16-0280,male,black,68
16-0281,male,latino,33
16-0282,male,black,30
16-0283,female,black,45
16-0284,female,white,58
16-0285,female,white,
16-0286,female,white,33
16-0287,female,white,
16-0288,female,black,49
16-0289,female,asian,25
16-0290,male,white,33
16-0291,male,black,29
16-0292,male,latino,49
16-0293,female,black,26
16-0294,male,white,56
16-0295,female,black,23
16-0296,female,black,23
16-0297,male,black,26
16-0298,male,black,62
16-0299,male,black,45
16-0300,male,white,49
16-0301,male,black,29
16-0302,female,,
16-0302,female,black,32
16-0303,female,black,32
16-0304,female,black,34
16-0305,female,asian,64
16-0306,male,black,29
16-0307,male,white,53
16-0308,female,black,20
16-0309,male,latino,33
16-0310,,,
16-0311,male,black,39
16-0312,female,latino,40
16-0313,male,black,19
16-0314,female,black,35
16-0315,female,black,24
16-0316,female,black,43
16-0317,male,,
16-0317,male,black,
16-0318,female,black,59
16-0319,male,black,51
16-0320,female,,
16-0321,male,black,45
16-0322,male,white,32
16-0323,male,white,33
16-0324,female,black,53
16-0325,female,,
16-0326,male,white,43
16-0327,male,latino,34
16-0327,male,,
16-0328,male,black,22
16-0329,male,black,54
16-0330,male,black,27
16-0331,female,latino,44
16-0332,female,black,22
16-0333,female,latino,47
16-0334,male,latino,39
16-0335,female,asian,45
16-0336,male,black,42
16-0336,female,black,17
16-0337,male,black,20
16-0337,female,,
16-0338,male,black,21
16-0339,female,black,26
16-0340,male,black,46
16-0341,female,,27
16-0341,female,,
16-0342,male,,43
16-0343,female,indian,35
16-0344,female,black,34
16-0345,male,black,30
16-0346,male,black,36
16-0347,male,black,63
16-0348,male,white,33
16-0349,male,latino,41
16-0350,female,white,50
16-0351,female,latino,40
16-0352,female,black,
16-0352,male,black,
16-0353,female,black,49
16-0354,male,white,54
16-0355,female,white,53
16-0356,female,white,38
16-0357,female,white,41
16-0357,female,white,14
16-0358,female,white,32
16-0359,male,black,
16-0360,female,white,80
16-0361,male,black,
16-0361,female,,
16-0362,male,latino,26
16-0363,female,black,46
16-0363,female,black,18
16-0364,male,black,33
16-0365,female,black,36
16-0366,female,black,36
16-0367,male,white,44
16-0368,female,black,33
16-0369,male,,
16-0369,female,,20
16-0370,female,,
16-0371,male,white,37
16-0372,female,black,57
16-0373,male,black,40
16-0374,female,white,
16-0375,male,black,
16-0376,male,black,23
16-0377,male,white,55
16-0378,male,white,48
16-0378,female,,
16-0379,female,,52
16-0380,female,latino,38
16-0381,male,,25
16-0382,female,black,28
16-0383,male,white,43
16-0384,male,white,42
16-0385,female,black,33
16-0385,male,black,
16-0386,female,black,47
16-0387,male,black,
16-0388,male,black,38
16-0389,female,black,44
16-0390,female,black,35
16-0391,female,black,47
16-0392,male,black,31
16-0393,male,black,62
16-0394,male,black,60
16-0395,male,black,52
16-0396,female,black,26
16-0397,female,black,26
16-0398,female,white,33
16-0399,female,black,55
16-0400,male,,25
16-0401,female,white,52
16-0402,male,black,28
16-0403,male,black,23
16-0404,male,black,33
16-0405,female,black,43
16-0406,male,black,30
16-0407,male,black,27
16-0408,female,black,44
16-0409,male,black,
16-0410,female,white,56
16-0411,female,white,58
16-0412,female,white,46
16-0413,male,white,49
16-0414,female,,50
16-0415,male,,27
16-0416,male,black,52
16-0417,female,black,43
16-0418,male,black,47
16-0419,female,white,50
16-0420,female,,54
16-0421,female,white,28
16-0422,female,black,65
16-0423,female,white,75
16-0424,female,latino,33
16-0425,male,black,51
16-0426,male,black,31
16-0427,female,white,40
16-0428,female,black,39
16-0429,female,black,35
16-0430,female,black,30
16-0431,female,,36
16-0432,,,
16-0432,male,black,25
16-0432,male,white,26
16-0432,,,
16-0433,male,black,61
16-0434,male,black,46
16-0435,male,black,22
16-0436,female,black,27
16-0437,male,white,66
16-0438,female,white,36
16-0439,male,black,21
16-0440,male,white,51
16-0441,male,black,44
16-0442,female,black,52
16-0443,male,black,19
16-0444,female,white,31
16-0445,male,white,57
16-0446,male,black,52
16-0447,female,white,75
16-0448,male,black,24
16-0449,male,black,58
16-0450,female,black,26
16-0451,female,black,41
16-0452,male,black,58
16-0453,male,latino,25
16-0454,female,black,18
16-0455,male,black,20
16-0456,female,black,52
16-0457,female,multi ethnic,50
16-0458,male,black,22
16-0459,male,black,23
16-0460,male,black,38
16-0461,male,white,27
16-0462,female,white,21
16-0463,female,latino,45
16-0464,male,black,28
16-0465,male,black,28
16-0466,male,white,34
16-0467,male,latino,23
16-0468,female,asian,45
16-0469,male,black,34
16-0470,female,black,52
16-0471,male,white,21
16-0472,male,black,25
16-0473,female,black,47
16-0474,male,white,31
16-0475,female,black,37
16-0476,male,black,43
16-0477,male,white,18
16-0478,female,black,52
16-0479,female,latino,42
16-0480,female,white,20
16-0481,female,,30
16-0482,male,black,63
16-0483,female,,
16-0484,male,black,57
16-0485,female,black,55
16-0486,male,white,52
16-0487,male,latino,22
16-0487,female,latino,51
16-0488,female,black,
16-0489,male,black,31
16-0490,male,black,67
16-0491,male,black,
16-0492,female,black,45
16-0493,female,black,31
16-0494,male,white,48
16-0495,female,asian,64
16-0496,female,asian,64
16-0497,female,black,24
16-0498,male,black,50
16-0499,female,black,49
16-0500,female,black,58
16-0501,male,white,43
16-0502,female,black,49
16-0503,female,black,57
16-0504,male,black,43
16-0505,male,asian,54
16-0506,female,white,52
16-0507,male,black,32
16-0508,male,black,31
16-0509,female,,26
16-0510,female,white,56
16-0511,male,black,59
16-0512,male,black,25
16-0513,female,black,44
16-0514,male,black,40
16-0515,male,black,46
16-0516,male,black,66
16-0517,female,black,48
16-0518,female,black,35
16-0519,male,latino,37
16-0520,male,black,52
16-0521,female,white,33
16-0522,male,asian,56
16-0523,male,black,
16-0523,female,black,40
16-0524,male,white,71
16-0525,female,black,40
16-0526,male,black,42
16-0527,male,latino,47
16-0528,male,black,55
16-0529,male,white,41
16-0530,male,black,53
16-0531,male,white,
16-0532,female,black,30
16-0533,female,black,27
16-0534,male,white,41
16-0535,male,black,
16-0535,female,black,33
16-0536,male,black,47
16-0537,female,black,35
16-0538,female,white,39
16-0539,male,black,44
16-0540,male,black,45
16-0541,female,black,24
16-0542,female,latino,34
16-0543,male,black,22
16-0544,female,latino,66
16-0545,male,black,24
16-0546,female,white,54
16-0546,male,white,32
16-0547,male,black,43
16-0548,female,black,22
16-0549,male,black,43
16-0550,female,black,35
16-0551,male,black,30
16-0552,female,latino,37
16-0553,female,black,29
16-0554,male,black,20
16-0555,female,,38
16-0556,female,black,62
16-0557,female,black,21
16-0558,male,black,46
16-0559,male,black,
16-0560,male,black,
16-0561,male,black,46
16-0562,male,black,55
16-0563,female,,
16-0564,female,black,29
16-0565,male,white,46
16-0566,female,black,67
16-0567,male,white,26
16-0568,female,white,48
16-0568,female,white,78
16-0569,male,black,46
16-0570,male,latino,35
16-0571,male,black,19
16-0572,male,white,38
16-0573,male,black,25
16-0574,male,latino,29
16-0575,male,white,64
16-0576,female,black,58
16-0577,male,black,25
16-0578,female,white,36
16-0579,female,black,36
16-0580,male,white,52
16-0581,male,latino,41
16-0582,female,other,51
16-0583,female,white,53
16-0584,female,black,28
16-0585,male,black,30
16-0586,male,black,34
16-0587,female,black,40
16-0588,female,black,32
16-0589,female,latino,39
16-0590,male,black,30
16-0591,female,white,26
16-0592,female,black,46
16-0593,female,latino,46
16-0594,male,black,54
16-0595,male,,56
16-0596,male,black,50
16-0597,male,black,40
16-0598,male,black,32
16-0599,male,white,29
16-0600,female,white,59
16-0601,male,asian,44
16-0602,male,black,54
16-0603,female,black,36
16-0604,male,white,55
16-0605,male,black,36
16-0606,female,black,46
16-0607,male,black,23
16-0607,male,black,52
16-0608,female,black,50
16-0609,female,black,38
16-0610,male,black,48
16-0611,male,black,
16-0612,male,black,38
16-0613,male,white,80
16-0614,male,black,36
16-0615,female,asian,45
16-0616,female,black,52
16-0617,female,latino,53
16-0618,male,black,25
16-0619,male,white,29
16-0620,male,white,46
16-0621,female,black,29
16-0622,female,,44
16-0623,male,black,44
16-0624,male,white,52
16-0625,male,black,46
16-0626,male,black,
16-0627,male,black,40
16-0628,male,asian,39
16-0629,female,black,47
16-0630,,,
16-0631,,,
16-0632,female,white,63
16-0633,male,white,30
16-0634,male,black,
16-0635,male,black,
16-0636,male,black,
16-0637,male,black,
16-0638,male,black,35
16-0639,male,black,37
16-0640,female,black,38
16-0641,male,black,58
16-0642,female,black,39
16-0643,female,white,38
16-0644,female,white,27
16-0645,male,black,25
16-0646,male,black,33
16-0647,male,black,
16-0648,female,black,23
16-0649,female,black,47
16-0650,female,white,42
16-0651,female,black,43
16-0652,male,black,43
16-0653,male,black,28
16-0654,male,black,46
16-0655,female,black,44
16-0656,male,white,68
16-0657,male,white,46
16-0658,male,black,51
16-0659,female,black,34
16-0660,male,black,32
16-0661,male,latino,45
16-0662,male,black,34
16-0663,male,black,35
16-0663,male,black,15
16-0664,female,white,44
16-0665,female,white,52
16-0666,male,white,53
16-0667,female,white,67
16-0668,male,black,33
16-0669,female,black,41
16-0670,female,black,50
16-0671,female,white,54
16-0672,male,white,41
16-0673,male,,
16-0674,male,black,46
16-0675,male,black,25
16-0676,female,latino,31
16-0677,male,black,25
16-0678,male,white,24
16-0679,female,white,31
16-0680,male,black,
16-0681,male,black,
16-0682,female,black,37
16-0682,male,black,
16-0683,female,black,42
17-0001,female,latino,59
17-0002,male,black,28
17-0003,male,black,39
17-0004,female,white,
17-0005,female,black,41
17-0006,male,black,28
17-0007,male,other,
17-0008,female,black,23
17-0008,female,black,46
17-0009,female,latino,47
17-0010,male,other,25
17-0011,male,black,33
17-0012,male,black,31
17-0013,male,black,45
17-0014,male,,
17-0015,female,black,27
17-0016,female,asian,52
17-0017,male,white,21
17-0018,female,black,16
17-0018,female,black,32
17-0019,male,black,42
17-0020,female,black,30
17-0021,male,white,34
17-0022,male,black,57
17-0023,female,other,64
17-0024,female,black,30
17-0025,male,black,53
17-0026,female,white,64
17-0027,male,white,29
17-0028,male,black,35
17-0029,male,black,52
17-0030,female,black,48
17-0031,female,,52
17-0032,female,black,52
17-0032,female,,86
17-0033,male,black,71
17-0034,female,,26
17-0035,female,white,47
17-0036,female,white,32
17-0037,female,white,44
17-0038,female,white,52
17-0039,female,black,52
17-0040,male,black,20
17-0041,female,black,27
17-0042,male,black,46
17-0043,female,black,60
17-0044,female,black,52
17-0045,male,black,38
17-0046,female,black,30
17-0047,male,black,55
17-0048,female,latino,66
17-0049,female,multi ethnic,24
17-0050,female,black,37
17-0051,female,black,48
17-0052,female,black,52
17-0053,male,black,38
17-0054,female,black,17
17-0055,male,other,51
17-0056,female,black,25
17-0057,female,black,35
17-0058,female,black,21
17-0059,male,black,34
17-0060,female,black,38
17-0061,male,black,55
17-0062,male,black,19
17-0063,male,black,35
17-0064,male,white,34
17-0065,female,black,29
17-0066,female,black,52
17-0067,female,black,52
17-0068,female,black,35
17-0069,male,black,68
17-0070,male,black,26
17-0071,female,white,52
17-0072,male,black,55
17-0073,female,black,39
17-0074,female,black,47
17-0075,male,white,94
17-0076,male,black,30
17-0077,female,asian,24
17-0078,female,black,52
17-0079,male,white,46
17-0080,female,black,27
17-0081,male,latino,30
17-0082,male,white,47
17-0083,male,black,60
17-0084,female,latino,31
17-0085,female,black,47
17-0086,male,black,20
17-0087,female,black,48
17-0088,male,black,59
17-0089,,,
17-0090,male,black,38
17-0091,female,white,26
17-0092,female,black,24
17-0093,male,black,32
17-0094,male,black,31
17-0095,male,black,60
17-0096,female,black,40
17-0097,male,black,26
17-0098,female,black,53
17-0099,male,black,20
17-0100,male,black,49
17-0101,male,black,
17-0102,female,white,27
17-0103,male,white,31
17-0104,male,black,27
17-0105,male,latino,35
17-0106,female,black,28
17-0107,female,black,30
17-0108,female,latino,23
17-0109,female,black,31
17-0110,female,black,49
17-0111,male,black,18
17-0112,female,white,30
17-0113,,,
17-0114,male,black,59
17-0115,male,white,
17-0116,male,black,28
17-0117,female,latino,23
17-0118,male,latino,18
17-0119,male,,31
17-0120,female,,34
17-0121,male,black,41
17-0122,female,black,39
17-0123,male,black,36
17-0124,male,black,38
17-0125,female,,
17-0125,female,black,34
17-0126,male,black,
17-0127,male,black,33
17-0128,male,black,25
17-0129,female,black,56
17-0130,female,black,41
17-0131,male,white,26
17-0132,female,black,49
17-0132,female,black,23
17-0133,female,black,60
17-0134,male,latino,52
17-0135,male,black,53
17-0136,female,black,29
17-0136,male,black,58
17-0137,female,white,36
17-0138,male,,54
17-0139,male,black,
17-0140,male,black,39
17-0141,male,white,54
17-0142,male,black,23
17-0143,male,black,23
17-0144,female,white,35
17-0145,male,black,30
17-0146,male,black,32
17-0147,male,white,53
17-0148,male,black,31
17-0148,female,black,33
17-0149,female,black,45
17-0150,female,black,35
17-0151,female,black,40
17-0152,female,black,47
17-0153,female,black,44
17-0154,male,white,46
17-0155,male,black,53
17-0156,male,white,42
17-0157,male,black,40
17-0158,male,black,33
17-0159,male,black,30
17-0160,male,latino,21
17-0161,male,black,30
17-0162,female,asian,35
17-0163,female,black,26
17-0164,male,black,47
17-0165,female,black,
17-0165,female,black,40
17-0166,female,black,46
17-0167,male,black,25
17-0167,female,black,46
17-0168,male,black,33
17-0169,male,black,49
17-0170,female,black,35
17-0171,female,white,47
17-0172,female,black,61
17-0173,female,black,44
17-0173,female,black,17
17-0174,male,white,57
17-0175,female,black,47
17-0176,female,black,51
17-0177,female,black,59
17-0178,male,white,48
17-0179,male,black,26
17-0179,female,black,24
17-0180,female,black,65
17-0181,female,other,64
17-0182,male,white,70
17-0183,female,white,53
17-0184,male,black,51
17-0185,male,white,18
17-0186,female,other,27
17-0187,male,white,35
17-0188,male,latino,47
17-0189,female,white,49
17-0189,male,white,75
17-0190,male,black,24
17-0191,female,black,47
17-0192,male,black,40
17-0193,female,white,55
17-0194,male,latino,42
17-0195,male,black,62
17-0196,male,black,37
17-0197,male,,26
17-0198,male,black,24
17-0199,male,latino,34
17-0200,,,
17-0201,female,black,35
17-0202,female,black,30
17-0203,female,black,45
17-0204,female,black,18
17-0205,male,latino,42
17-0206,male,black,38
17-0207,female,black,37
17-0208,female,black,31
17-0209,male,white,34
17-0210,male,latino,33
17-0211,male,black,71
17-0212,male,black,
17-0213,female,black,48
17-0214,female,black,52
17-0215,male,black,26
17-0216,male,black,31
17-0217,female,white,28
17-0218,female,white,26
17-0219,male,white,30
17-0220,female,black,26
17-0221,female,white,58
17-0221,female,black,
17-0222,female,asian,48
17-0223,male,black,63
17-0224,male,latino,58
17-0225,male,black,46
17-0226,female,black,52
17-0227,female,black,52
17-0228,female,black,32
17-0229,male,white,76
17-0230,male,,38
17-0231,female,black,53
17-0232,male,black,38
17-0233,female,black,53
17-0234,female,black,21
17-0235,female,black,41
17-0236,female,black,27
17-0237,male,white,48
17-0238,,,
17-0239,female,black,41
17-0240,male,black,49
17-0241,female,black,45
17-0242,male,black,41
17-0243,male,black,57
17-0244,female,white,29
17-0245,male,black,35
17-0246,female,white,28
17-0247,female,white,40
17-0248,female,black,37
17-0249,male,white,48
17-0250,male,white,42
17-0251,female,black,64
17-0252,male,white,37
17-0253,male,black,36
17-0254,male,black,23
17-0255,female,black,51
17-0256,male,black,56
17-0257,female,white,21
17-0257,female,white,44
17-0257,female,white,26
17-0258,female,black,34
17-0259,male,black,40
17-0260,female,black,38
17-0261,female,black,22
17-0262,male,black,43
17-0263,male,black,36
17-0264,,,
17-0265,female,white,47
17-0266,female,black,47
17-0267,male,black,30
17-0267,male,,
17-0268,male,black,40
17-0269,male,black,45
17-0270,female,white,42
17-0271,female,black,37
17-0272,male,black,59
17-0273,male,latino,30
17-0274,,,
17-0275,male,black,44
17-0276,male,white,30
17-0277,male,black,28
17-0278,male,latino,48
17-0279,female,,26
17-0280,female,black,32
17-0281,male,asian,36
17-0282,male,black,24
17-0283,female,black,39
17-0284,female,black,32
17-0285,male,white,46
17-0286,female,black,23
17-0287,female,white,38
17-0288,female,black,
17-0289,male,black,50
17-0290,female,black,53
17-0291,female,white,55
17-0292,male,black,65
17-0293,male,black,33
17-0294,male,black,49
17-0295,female,latino,24
17-0296,male,white,47
17-0297,male,black,24
17-0298,female,black,48
17-0299,female,black,34
17-0300,male,latino,23
17-0301,male,black,56
17-0302,male,black,30
17-0303,female,latino,50
17-0304,male,black,
17-0305,female,,65
17-0306,female,black,52
17-0307,female,black,48
17-0308,male,black,41
17-0309,male,black,23
17-0310,female,black,24
17-0311,male,black,
17-0312,female,black,64
17-0313,male,black,51
17-0314,male,black,27
17-0315,female,black,33
17-0316,female,black,58
17-0317,male,white,54
17-0318,female,black,31
17-0319,male,black,25
17-0320,female,latino,61
17-0321,female,black,27
17-0322,female,black,30
17-0323,male,black,29
17-0324,male,black,31
17-0325,female,black,50
17-0326,female,black,41
17-0327,female,latino,37
17-0328,female,black,47
17-0329,female,black,51
17-0330,female,black,35
17-0331,male,black,
17-0332,female,black,40
17-0333,female,black,59
17-0334,female,black,34
17-0335,male,white,29
17-0336,female,black,19
17-0336,female,black,23
17-0337,male,black,60
17-0338,female,black,52
17-0339,male,white,50
17-0340,female,black,53
17-0341,male,black,19
17-0342,female,,29
17-0343,female,black,
17-0343,female,black,29
17-0344,,,
17-0345,male,black,
17-0346,male,black,30
17-0347,female,white,58
17-0348,female,,30
17-0349,male,white,56
17-0350,male,white,30
17-0351,female,,
17-0352,male,white,32
17-0353,female,black,21
17-0354,female,black,25
17-0355,male,latino,44
17-0356,male,black,66
17-0357,female,black,44
17-0358,male,black,27
17-0359,male,black,53
17-0360,female,black,53
17-0361,male,black,35
17-0362,male,,37
17-0363,male,black,29
17-0364,male,black,36
17-0365,female,black,36
17-0366,male,white,32
17-0367,female,white,30
17-0368,female,,27
17-0369,female,black,46
17-0370,male,black,45
17-0371,female,black,57
17-0372,male,black,38
17-0373,male,black,59
17-0374,male,black,34
17-0375,female,latino,48
17-0376,male,black,51
17-0377,female,black,49
17-0378,female,black,
17-0379,male,white,37
17-0380,male,white,54
17-0381,male,,
17-0382,male,black,57
17-0383,male,black,27
17-0384,female,black,41
17-0385,male,black,61
17-0386,female,black,22
17-0387,female,latino,25
17-0388,female,latino,57
17-0389,male,black,54
17-0390,male,white,26
17-0391,male,black,46
17-0392,male,white,53
17-0393,female,,51
17-0394,female,black,48
17-0394,male,black,
17-0395,male,,
17-0396,female,,34
17-0397,male,latino,50
17-0398,male,black,21
17-0399,male,black,48
17-0400,male,black,30
17-0401,male,,50
17-0402,female,black,34
17-0403,female,black,55
17-0404,female,black,48
17-0405,female,,
17-0406,male,black,33
17-0407,male,asian,42
17-0408,female,latino,31
17-0409,female,black,30
17-0410,male,latino,33
17-0411,male,black,52
17-0412,female,black,23
17-0412,female,black,
17-0413,male,black,23
17-0414,female,white,30
17-0415,male,black,27
17-0416,male,black,27
17-0417,male,white,47
17-0418,male,black,44
17-0419,female,black,36
17-0420,male,other,21
17-0420,female,,
17-0421,female,black,52
17-0422,male,white,44
17-0423,female,white,32
17-0424,female,white,23
17-0425,male,black,38
17-0426,male,black,39
17-0427,female,black,56
17-0428,female,black,56
17-0429,male,black,51
17-0430,female,,
17-0431,male,,
17-0432,male,latino,36
17-0433,female,black,40
17-0434,female,white,52
17-0435,male,,61
17-0436,male,black,49
17-0437,male,black,28
17-0438,male,black,43
17-0439,female,black,50
17-0440,male,white,41
17-0441,male,latino,27
17-0442,male,white,25
17-0443,female,black,44
17-0444,female,black,51
17-0445,female,black,41
17-0446,male,black,54
17-0447,female,black,72
17-0448,male,latino,34
17-0449,male,white,47
17-0450,female,white,23
17-0451,female,black,44
17-0452,male,white,29
17-0453,male,,
17-0454,male,black,
17-0454,male,black,27
17-0455,female,asian,68
17-0456,male,black,22
17-0457,female,black,44
17-0458,male,,66
17-0459,female,,
17-0460,male,white,34
17-0461,male,black,19
17-0462,female,black,47
17-0463,male,black,49
17-0464,male,latino,47
17-0465,male,white,39
17-0466,female,latino,38
17-0467,female,black,35
17-0468,male,black,50
17-0469,male,white,85
17-0470,female,black,54
17-0471,male,black,22
17-0472,male,white,35
17-0473,male,black,51
17-0474,male,black,25
17-0475,male,white,57
17-0476,male,white,58
17-0477,male,black,17
17-0478,male,black,17
17-0479,female,black,37
17-0480,male,white,47
17-0481,male,black,25
17-0482,female,other,22
17-0483,female,black,46
17-0484,male,,
17-0485,female,black,28
17-0486,male,black,27
17-0487,male,white,34
17-0488,female,black,32
17-0489,male,black,27
17-0490,female,black,36
17-0491,male,white,38
17-0492,female,black,45
17-0493,male,white,45
17-0494,female,black,33
17-0495,female,black,56
17-0496,female,white,47
17-0496,female,white,24
17-0496,female,,
17-0496,female,white,
17-0497,,,
17-0498,male,white,50
17-0499,female,black,49
17-0500,male,black,49
17-0501,male,black,58
17-0502,female,black,40
17-0503,male,black,29
17-0504,female,white,44
17-0505,female,,55
17-0506,male,black,34
17-0507,female,white,35
17-0508,male,white,49
17-0509,female,black,36
17-0510,female,black,40
17-0511,male,black,26
17-0512,female,black,26
17-0513,female,black,30
17-0514,female,latino,34
17-0515,male,black,47
17-0516,female,,
17-0517,female,latino,35
17-0518,male,indian,58
17-0519,female,black,34
17-0520,male,black,22
17-0521,female,black,54
17-0522,male,,
17-0523,male,black,25
17-0524,male,black,35
17-0525,male,latino,
17-0525,female,black,39
17-0526,male,black,66
17-0527,male,black,32
17-0528,male,black,28
17-0529,male,latino,30
17-0530,male,white,34
17-0531,female,,46
17-0532,female,white,42
17-0533,female,black,24
17-0534,male,white,53
17-0535,female,black,37
17-0536,male,black,36
17-0537,female,black,50
17-0538,female,black,40
17-0539,female,black,71
17-0539,male,black,73
17-0540,female,black,52
17-0541,female,black,36
17-0542,male,white,71
17-0543,female,latino,33
17-0544,female,white,70
17-0545,male,,43
17-0546,female,black,42
17-0547,female,,41
17-0548,male,black,21
17-0549,female,,23
17-0550,female,black,51
17-0551,female,black,40
17-0552,male,black,35
17-0553,male,,
17-0554,male,black,35
17-0555,female,,
17-0556,male,white,80
17-0557,male,black,35
17-0558,male,white,36
17-0559,male,asian,56
17-0560,female,black,55
17-0561,male,black,34
17-0562,female,white,27
17-0564,male,,
17-0564,male,,
17-0565,female,black,
17-0566,female,white,53
17-0567,female,latino,26
17-0568,male,black,46
17-0569,male,latino,42
17-0570,male,black,40
17-0571,male,,69
17-0572,female,black,26
17-0573,female,white,41
17-0574,male,black,
17-0575,male,white,60
17-0576,female,white,81
17-0577,female,black,29
17-0578,female,black,24
17-0579,male,multi ethnic,32
17-0580,male,,
17-0581,male,white,34
17-0582,female,latino,
17-0583,female,black,45
17-0584,male,black,42
17-0585,male,latino,44
17-0586,male,black,27
17-0587,female,black,37
17-0588,female,black,39
17-0589,male,black,67
17-0589,male,black,52
17-0590,female,white,34
17-0591,male,black,
17-0592,male,black,57
17-0593,male,black,59
17-0594,female,black,66
17-0595,female,black,78
17-0596,male,white,
17-0596,male,white,40
17-0597,male,black,37
17-0598,male,white,49
17-0599,male,black,47
17-0600,male,black,36
17-0601,female,latino,52
17-0602,male,black,45
17-0603,female,white,21
17-0604,female,white,49
17-0605,female,latino,58
17-0606,male,,23
17-0607,male,black,44
17-0608,female,white,32
17-0609,male,black,22
17-0610,male,black,27
17-0611,female,black,26
17-0612,female,black,18
17-0613,female,black,64
17-0614,male,white,43
17-0615,female,black,58
17-0616,female,white,33
17-0617,male,black,45
17-0618,male,black,18
17-0619,female,,30
17-0620,female,black,53
17-0621,male,black,20
17-0622,male,black,29
17-0623,male,black,32
17-0624,male,black,46
17-0625,male,black,38
17-0626,male,,20
17-0627,male,white,57
17-0628,male,black,23
17-0629,female,black,65
17-0630,male,black,21
17-0631,male,black,18
17-0632,female,black,35
17-0633,female,black,52
17-0634,female,white,60
17-0635,,,
17-0636,female,,53
17-0637,male,black,39
17-0638,male,black,46
17-0639,female,black,45
17-0640,male,black,25
17-0641,male,,60
17-0642,male,,
17-0642,male,black,67
17-0643,male,black,26
17-0644,female,black,27
17-0645,female,black,70
17-0646,male,black,28
17-0647,female,black,33
17-0648,male,black,39
17-0649,male,white,64
17-0650,female,black,49
17-0651,female,black,52
17-0652,,,
17-0653,male,black,59
18-0001,,,
18-0002,male,black,20
18-0003,male,black,42
18-0004,female,black,
18-0005,female,black,
18-0006,female,white,62
18-0007,female,black,37
18-0008,female,black,52
18-0009,female,black,18
18-0010,male,white,30
18-0011,female,black,19
18-0011,female,black,20
18-0012,female,black,57
18-0013,male,black,62
18-0014,female,white,61
18-0015,male,black,41
18-0016,female,black,25
18-0017,female,,27
18-0018,male,black,21
18-0019,male,black,52
18-0020,female,white,42
18-0020,male,white,17
18-0021,male,black,27
18-0022,female,,
18-0023,female,white,45
18-0024,female,black,52
18-0025,male,black,49
18-0025,male,black,33
18-0026,male,black,57
18-0027,male,black,19
18-0028,male,white,29
18-0029,male,white,61
18-0030,female,white,43
18-0031,female,white,23
18-0032,female,black,31
18-0033,male,black,51
18-0034,female,black,28
18-0035,male,black,38
18-0036,male,asian,44
18-0037,female,black,49
18-0038,female,black,23
18-0039,male,black,30
18-0040,female,white,
18-0041,male,black,58
18-0042,female,white,31
18-0043,female,black,49
18-0044,female,black,39
18-0045,female,black,32
18-0046,male,black,35
18-0047,female,black,42
18-0048,male,black,25
18-0049,female,black,26
18-0050,male,black,20
18-0051,female,black,29
18-0052,male,black,36
18-0053,female,black,67
18-0054,male,black,38
18-0055,male,black,24
18-0056,female,black,35
18-0057,female,black,41
18-0058,female,black,37
18-0059,female,black,41
18-0060,female,black,29
18-0061,female,other,71
18-0062,male,black,27
18-0063,female,,
18-0064,female,black,20
18-0065,male,black,50
18-0066,female,black,32
18-0067,female,black,44
18-0068,female,black,31
18-0069,male,black,26
18-0070,female,black,23
18-0070,female,black,23
18-0071,female,black,31
18-0072,male,latino,
18-0072,female,latino,19
18-0073,female,black,28
18-0074,female,black,40
18-0074,,,
18-0075,female,black,31
18-0076,male,,
18-0077,female,latino,29
18-0078,male,black,24
18-0079,female,latino,31
18-0080,male,black,29
18-0081,male,black,26
18-0082,male,white,48
18-0082,female,,
18-0083,female,black,62
18-0084,female,black,32
18-0085,male,latino,45
18-0085,female,white,
18-0086,female,black,19
18-0087,female,white,21
18-0088,male,asian,31
18-0089,male,latino,62
18-0090,female,latino,63
18-0091,female,white,24
18-0092,male,latino,33
18-0093,female,latino,36
18-0094,male,white,43
18-0095,female,,38
18-0096,male,black,28
18-0097,female,black,57
18-0098,,,
18-0099,female,,30
18-0100,male,black,31
18-0101,male,black,24
18-0102,male,latino,37
18-0103,male,black,46
18-0104,female,black,28
18-0105,male,black,22
18-0106,male,black,19
18-0107,female,black,52
18-0108,female,black,30
18-0109,male,latino,18
18-0110,male,black,24
18-0111,male,black,20
18-0112,male,white,54
18-0113,female,black,39
18-0114,male,black,37
18-0115,male,black,19
18-0116,female,black,41
18-0117,male,black,59
18-0118,male,,17
18-0118,male,,
18-0119,male,,
18-0120,female,,57
18-0121,female,black,36
18-0122,male,black,28
18-0123,female,black,47
18-0124,,,
18-0125,female,multi ethnic,36
18-0126,male,black,26
18-0127,male,white,40
18-0128,male,white,43
18-0129,male,white,54
18-0130,male,,
18-0130,female,white,20
18-0131,female,black,66
18-0132,male,black,51
18-0133,male,latino,33
18-0134,female,black,51
18-0135,male,white,77
18-0136,female,black,46
18-0137,,,
18-0137,,,
18-0137,,,
18-0138,male,black,
18-0138,female,black,42
18-0139,female,,29
18-0140,male,black,41
18-0141,female,white,30
18-0142,male,black,18
18-0143,male,indian,58
18-0144,female,black,55
18-0145,male,white,37
18-0146,male,black,55
18-0147,male,black,41
18-0148,male,,
18-0149,male,black,53
18-0150,male,black,36
18-0151,male,black,46
18-0152,male,black,25
18-0153,male,black,29
18-0154,male,,
18-0154,male,black,
18-0155,female,black,38
18-0156,female,,
18-0157,male,,
18-0158,female,white,46
18-0159,female,black,59
18-0160,female,white,37
18-0161,female,black,
18-0162,female,white,59
18-0163,female,white,38
18-0164,female,,
18-0165,female,black,49
18-0166,female,white,28
18-0167,female,black,46
18-0168,male,black,24
18-0169,female,latino,33
18-0170,male,black,32
18-0171,male,black,23
18-0172,male,black,46
18-0173,female,black,39
18-0174,male,white,40
18-0175,male,white,42
18-0176,male,white,32
18-0177,male,black,34
18-0178,female,black,62
18-0179,male,black,29
18-0180,female,white,25
18-0181,female,black,27
18-0182,female,black,54
18-0182,female,black,16
18-0183,female,black,40
18-0184,male,black,27
18-0185,female,black,52
18-0186,male,black,25
18-0187,male,white,37
18-0188,female,black,34
18-0189,female,black,70
18-0190,male,black,45
18-0191,female,black,32
18-0192,male,,
18-0193,female,black,31
18-0194,,,
18-0195,male,black,31
18-0196,male,white,51
18-0197,male,black,59
18-0198,female,latino,38
18-0199,male,black,46
18-0200,male,white,37
18-0201,female,,
18-0202,male,,
18-0203,female,black,61
18-0204,male,black,71
18-0205,female,,27
18-0206,female,,55
18-0207,male,white,37
18-0208,male,white,37
18-0209,female,black,42
18-0210,male,black,27
18-0211,female,black,43
18-0212,male,black,36
18-0213,female,black,44
18-0214,female,black,
18-0215,female,black,36
18-0216,,,
18-0217,male,,
18-0218,female,white,51
18-0219,male,black,25
18-0219,,,
18-0220,male,latino,38
18-0221,male,white,36
18-0222,female,black,58
18-0223,female,black,38
18-0224,female,,
18-0225,male,,31
18-0225,male,,
18-0226,male,black,29
18-0227,male,,
18-0228,female,black,22
18-0229,male,black,29
18-0230,male,asian,56
18-0231,male,black,42
18-0232,male,white,42
18-0233,female,black,40
18-0234,male,multi ethnic,47
18-0235,male,black,28
18-0237,female,white,71
18-0238,male,black,37
18-0239,female,black,33
18-0240,female,black,31
18-0241,male,,38
18-0242,male,latino,36
18-0243,,,
18-0244,male,white,28
18-0245,male,black,32
18-0246,male,black,27
18-0247,female,black,34
18-0248,male,asian,39
18-0249,male,black,36
18-0250,female,black,31
18-0251,female,black,39
18-0252,female,black,58
18-0253,female,black,47
18-0254,female,white,31
18-0255,male,black,28
18-0256,male,black,40
18-0257,female,black,52
18-0258,female,black,
18-0259,male,,
18-0260,female,black,
18-0261,male,black,49
18-0262,male,black,
18-0262,male,,
18-0263,female,black,46
18-0264,female,,
18-0264,male,black,15
18-0265,male,white,27
18-0266,,,
18-0267,female,latino,37
18-0268,female,black,34
18-0269,male,,29
18-0270,male,black,44
18-0271,male,black,31
18-0272,female,black,41
18-0273,male,,
18-0274,male,white,39
18-0275,male,black,38
18-0276,male,black,31
18-0277,male,black,
18-0278,female,black,25
18-0279,male,,
18-0280,male,white,43
18-0281,female,black,57
18-0282,male,,
18-0282,female,black,41
18-0283,male,black,39
18-0284,male,white,60
18-0285,male,black,26
18-0286,male,black,23
18-0287,female,white,36
18-0288,male,black,51
18-0289,female,black,30
18-0290,female,,
18-0291,male,black,28
18-0292,male,black,32
18-0293,male,black,34
18-0294,male,,
18-0295,male,black,46
18-0296,male,black,23
18-0297,female,white,62
18-0298,female,,
18-0299,female,black,38
18-0300,female,black,46
18-0301,female,black,36
18-0302,male,latino,43
18-0303,female,latino,
18-0304,male,black,31
18-0305,female,latino,
18-0306,male,multi ethnic,47
18-0307,male,black,24
18-0308,male,black,43
18-0309,male,black,48
18-0310,male,black,44
18-0311,male,,
18-0312,male,black,23
18-0313,male,white,29
18-0314,male,black,74
18-0315,male,black,39
18-0316,female,black,52
18-0317,female,white,30
18-0318,male,white,61
18-0319,female,,29
18-0320,male,black,64
18-0321,female,black,43
18-0322,,,
18-0323,female,black,29
18-0324,female,black,53
18-0325,female,white,61
18-0326,male,black,27
18-0327,male,white,48
18-0328,male,white,45
18-0329,male,,
18-0330,male,black,37
18-0331,male,black,33
18-0332,female,black,37
18-0333,male,white,31
18-0334,male,black,36
18-0335,male,latino,35
18-0336,male,black,35
18-0337,female,white,27
18-0338,female,white,27
18-0339,male,black,22
18-0340,male,black,27
18-0341,male,white,52
18-0342,female,black,31
18-0343,female,black,52
18-0344,male,black,28
18-0345,male,latino,
18-0346,male,white,
18-0347,male,black,22
18-0348,female,black,
18-0349,female,,
18-0350,male,black,36
18-0350,female,black,
18-0351,male,black,42
18-0352,male,latino,
18-0353,female,,
18-0354,female,white,45
18-0355,male,black,33
18-0356,female,white,36
18-0357,female,black,29
18-0358,female,black,24
18-0359,male,black,57
18-0360,female,white,
18-0361,female,,37
18-0362,female,black,34
18-0363,male,white,56
18-0363,female,white,
18-0364,female,black,35
18-0365,male,black,41
18-0366,female,white,34
18-0367,female,black,46
18-0368,male,white,53
18-0369,male,black,31
18-0370,male,black,48
18-0371,female,asian,41
18-0372,female,black,27
18-0373,male,,
18-0374,,,
18-0375,female,,
18-0375,male,,
18-0376,female,white,43
18-0377,female,white,45
18-0378,female,black,37
18-0379,male,indian,25
18-0380,female,black,34
18-0381,female,black,60
18-0382,male,black,36
18-0382,female,black,32
18-0383,female,black,40
18-0384,male,black,21
18-0385,male,black,17
18-0385,female,black,
18-0386,male,black,32
18-0387,female,black,27
18-0388,female,black,
18-0389,male,black,57
18-0390,female,,
18-0391,female,latino,40
18-0392,male,black,23
18-0393,male,white,60
18-0394,female,white,29
18-0395,male,black,
18-0395,female,,55
18-0396,male,white,32
18-0397,male,black,22
18-0398,female,black,51
18-0399,female,white,45
18-0400,female,white,49
18-0401,female,,46
18-0402,female,white,66
18-0403,,,
18-0404,male,black,29
18-0405,male,black,37
18-0406,male,asian,31
18-0407,male,white,27
18-0408,female,white,32
18-0409,female,latino,
18-0410,male,black,47
18-0411,female,black,42
18-0411,female,black,22
18-0412,male,white,43
18-0413,male,black,29
18-0414,female,black,32
18-0415,male,black,
18-0416,female,black,
18-0417,female,,26
18-0418,male,black,43
18-0419,male,black,19
18-0419,male,black,17
18-0420,male,black,29
18-0421,male,white,
18-0422,male,white,34
18-0423,male,black,27
18-0424,female,white,39
18-0425,male,white,19
18-0426,female,black,54
18-0427,male,black,22
18-0428,male,black,44
18-0429,female,latino,48
18-0430,female,black,57
18-0431,female,,
18-0432,female,latino,28
18-0433,male,black,31
18-0434,female,black,37
18-0435,female,white,32
18-0436,male,black,42
18-0437,male,black,60
18-0438,male,white,43
18-0439,male,black,48
18-0440,male,black,22
18-0441,male,,22
18-0442,male,latino,
18-0443,male,black,24
18-0444,male,black,40
18-0445,male,black,39
18-0446,male,black,26
18-0447,female,latino,23
18-0448,female,black,35
18-0449,male,white,22
18-0450,male,black,36
18-0451,male,black,56
18-0452,male,black,34
18-0453,female,black,28
18-0454,female,,
18-0455,male,black,17
18-0456,female,white,35
18-0457,female,black,29
18-0458,female,white,30
18-0459,female,black,37
18-0460,female,white,38
18-0461,male,latino,37
18-0462,male,black,45
18-0463,male,black,61
18-0464,female,white,
18-0465,female,white,49
18-0466,male,white,59
18-0467,male,,
18-0467,male,,
18-0467,,,
18-0468,male,white,68
18-0469,male,black,50
18-0470,male,black,22
18-0471,male,black,49
18-0472,female,,
18-0473,male,black,57
18-0474,female,black,22
18-0475,male,black,34
18-0476,male,black,30
18-0477,male,black,33
18-0478,male,latino,18
18-0479,female,black,59
18-0480,male,white,61
18-0481,male,black,33
18-0482,male,latino,26
18-0482,male,black,22
18-0482,male,latino,18
18-0482,male,latino,21
18-0483,,,
18-0484,female,black,28
18-0485,male,,
18-0486,female,black,53
18-0487,male,black,58
18-0488,female,black,26
18-0489,male,white,26
18-0490,male,white,66
18-0491,female,black,52
18-0492,male,black,23
18-0493,female,black,
18-0494,male,black,64
18-0495,female,black,22
18-0496,male,,40
18-0497,male,black,29
18-0498,female,black,43
18-0499,male,black,53
18-0500,female,black,45
18-0501,male,black,64
18-0502,female,black,25
18-0503,male,asian,28
18-0504,female,latino,28
18-0505,male,black,57
18-0506,male,black,14
18-0506,female,black,34
18-0507,female,black,22
18-0508,male,,
18-0509,female,white,33
18-0510,female,black,45
18-0511,female,white,27
18-0512,male,,31
18-0513,female,black,54
18-0514,male,,
18-0515,female,black,25
18-0516,male,black,33
18-0517,male,black,53
18-0518,male,black,60
18-0519,male,black,22
18-0520,male,black,28
18-0521,female,black,55
18-0522,female,black,
18-0522,male,black,13
18-0523,female,latino,20
18-0523,male,black,41
18-0524,male,black,
18-0525,male,black,43
18-0526,male,black,31
18-0527,female,black,31
18-0528,female,black,32
18-0529,female,black,24
18-0530,female,white,32
18-0531,female,black,48
18-0532,male,black,47
18-0533,female,black,39
18-0533,female,black,14
18-0534,female,black,35
18-0535,female,black,28
18-0536,female,white,40
18-0537,,,
18-0538,female,black,43
18-0539,female,black,56
18-0540,female,black,47
18-0541,female,white,38
18-0542,male,black,23
18-0543,male,white,24
18-0544,male,black,27
18-0545,male,black,29
18-0546,female,black,48
18-0547,male,,36
18-0548,female,black,35
18-0549,female,white,35
18-0550,male,black,
18-0551,male,black,52
18-0552,male,black,31
18-0553,male,white,40
18-0554,male,black,25
18-0555,female,black,59
18-0556,female,black,28
18-0557,female,,26
18-0558,male,black,32
18-0559,female,white,32
18-0560,male,black,27
18-0561,male,black,32
18-0562,male,white,26
18-0563,,,
18-0564,,,
18-0565,male,black,24
18-0566,female,white,33
18-0567,male,,56
18-0568,male,black,38
18-0569,female,black,61
18-0570,female,black,38
18-0571,male,black,40
18-0572,male,black,36
18-0573,male,black,40
18-0574,male,black,40
18-0575,,,
18-0576,female,black,48
18-0577,female,,
18-0578,female,black,41
18-0579,,,
18-0580,male,black,57
18-0581,female,,
18-0582,male,,
18-0583,female,white,
18-0584,female,,
18-0585,female,white,60
18-0586,male,black,30
18-0587,female,,
18-0588,male,black,26
18-0589,male,black,47
18-0590,female,black,35
18-0591,female,white,40
18-0592,female,black,28
18-0593,male,black,33
18-0594,male,black,30
18-0595,,,
18-0596,male,white,44
18-0597,female,black,52
18-0598,male,black,25
18-0599,male,white,64
18-0600,female,white,35
18-0601,male,,43
18-0602,male,white,58
18-0603,,,
18-0604,male,white,35
18-0605,male,white,36
18-0606,female,black,22
18-0607,male,white,34
18-0608,,,
18-0609,female,multi ethnic,29
18-0610,male,black,42
18-0611,female,white,42
18-0612,male,white,36
18-0613,male,black,48
18-0614,female,black,52
18-0615,female,white,57
18-0616,male,other,26
18-0617,male,black,24
18-0618,male,other,37
18-0619,male,black,30
18-0620,male,black,28
18-0621,male,black,33
18-0621,female,black,33
18-0622,male,black,47
18-0623,female,black,26
18-0624,male,black,53
19-0001,female,black,52
19-0002,male,asian,36
19-0003,male,black,31
19-0004,female,black,34
19-0005,male,,
19-0006,female,white,64
19-0007,male,black,16
19-0008,female,black,42
19-0009,male,black,23
19-0010,female,black,44
19-0011,male,black,28
19-0012,female,black,56
19-0013,male,white,53
19-0014,male,black,30
19-0015,female,black,34
19-0016,female,black,42
19-0017,female,black,36
19-0018,male,black,56
19-0019,female,,38
19-0020,female,white,19
19-0021,female,black,32
19-0022,female,white,28
19-0023,male,white,30
19-0024,female,black,41
19-0025,female,white,34
19-0026,female,white,19
19-0027,female,black,32
19-0028,female,other,34
19-0029,female,white,55
19-0030,male,white,30
19-0031,male,black,24
19-0032,male,black,44
19-0033,female,black,33
19-0034,male,black,37
19-0035,female,,21
19-0036,female,black,64
19-0037,female,white,33
19-0038,male,black,26
19-0039,female,,
19-0039,female,black,58
19-0039,male,,
19-0040,female,white,63
19-0041,male,black,44
19-0042,male,black,
19-0042,female,black,46
19-0043,,,
19-0044,female,white,61
19-0045,male,black,57
19-0046,female,latino,35
19-0047,female,black,67
19-0048,male,white,38
19-0049,female,black,39
19-0050,male,white,29
19-0051,female,white,31
19-0052,female,white,26
19-0053,male,,27
19-0054,male,,24
19-0055,male,black,24
19-0056,male,black,34
19-0057,male,white,33
19-0058,male,black,40
19-0059,male,white,56
19-0060,female,latino,52
19-0061,male,,36
19-0062,female,black,54
19-0063,male,white,35
19-0064,female,black,50
19-0065,male,,
19-0065,female,black,38
19-0066,female,black,50
19-0067,female,black,30
19-0068,female,black,47
19-0069,male,white,72
19-0070,female,latino,23
19-0071,male,asian,
19-0072,female,,
19-0073,male,black,31
19-0074,male,black,29
19-0075,male,white,57
19-0075,male,white,21
19-0076,male,white,30
19-0077,male,indian,26
19-0078,male,,
19-0079,female,latino,29
19-0080,female,black,31
19-0080,female,black,15
19-0081,male,latino,38
19-0082,male,black,18
19-0083,male,black,41
19-0084,female,latino,29
19-0085,male,black,24
19-0086,male,black,61
19-0087,,,
19-0088,male,white,41
19-0089,female,black,
19-0090,female,,
19-0091,male,black,29
19-0092,male,black,33
19-0093,female,,
19-0094,female,black,-1
19-0095,,,
19-0096,male,black,29
19-0097,female,black,20
19-0098,female,black,28
19-0099,female,black,56
19-0100,male,white,37
19-0101,female,black,53
19-0102,female,black,37
19-0103,female,black,42
19-0104,male,black,58
19-0105,male,white,21
19-0106,female,black,26
19-0107,female,black,
19-0108,female,white,66
19-0109,female,white,38
19-0110,male,black,52
19-0111,male,black,30
19-0112,male,black,38
19-0113,female,black,26
19-0114,female,white,48
19-0115,male,black,17
19-0115,female,white,54
19-0116,female,black,56
19-0117,female,black,53
19-0118,male,black,17
19-0118,male,black,56
19-0119,male,latino,58
19-0120,male,white,55
19-0121,male,,
19-0122,male,black,55
19-0123,female,black,31
19-0124,male,,28
19-0125,female,,
19-0126,male,latino,35
19-0127,male,black,27
19-0128,male,black,38
19-0129,male,black,38
19-0130,male,latino,38
19-0131,male,black,29
19-0132,male,black,35
19-0133,male,white,41
19-0134,male,black,27
19-0135,male,,
19-0136,male,white,31
19-0137,female,latino,50
19-0138,male,latino,38
19-0139,male,black,53
19-0140,male,black,45
19-0141,female,latino,
19-0141,female,latino,35
19-0142,male,black,31
19-0143,male,white,39
19-0144,female,,47
19-0145,female,latino,33
19-0146,male,black,31
19-0147,male,white,21
19-0148,male,black,23
19-0149,male,black,25
19-0150,male,black,30
19-0151,male,black,23
19-0152,male,black,36
19-0153,male,latino,
19-0154,male,black,32
19-0155,male,latino,58
19-0156,female,black,27
19-0157,female,white,40
19-0158,male,black,35
19-0159,female,asian,31
19-0160,male,black,
19-0160,female,,
19-0161,,,
19-0162,female,,
19-0163,male,black,30
19-0164,female,black,57
19-0165,male,black,22
19-0166,female,latino,30
19-0167,male,black,
19-0168,male,white,29
19-0169,female,black,22
19-0170,male,,30
19-0170,male,,
19-0171,male,latino,17
19-0171,female,latino,
19-0172,,black,
19-0172,male,black,
19-0173,,other,
19-0174,female,white,27
19-0175,female,white,43
19-0176,male,latino,47
19-0177,female,black,44
19-0178,female,white,47
19-0179,male,black,28
19-0180,male,latino,38
19-0181,male,black,45
19-0182,female,white,45
19-0183,female,black,36
19-0184,male,black,39
19-0185,male,black,43
19-0186,male,black,54
19-0187,male,asian,49
19-0188,male,black,72
19-0189,female,,
19-0189,male,,28
19-0190,male,black,31
19-0191,male,black,70
19-0192,female,black,69
19-0193,male,black,24
19-0194,male,,
19-0195,male,latino,34
19-0195,male,black,
19-0196,male,latino,57
19-0197,female,white,32
19-0198,male,black,29
19-0199,female,,58
19-0200,female,black,43
19-0201,female,white,53
19-0202,male,black,32
19-0203,female,latino,49
19-0204,female,black,39
19-0205,female,black,24
19-0206,male,black,24
19-0207,male,black,48
19-0208,male,black,31
19-0209,male,black,31
19-0210,female,black,54
19-0211,,,
19-0212,female,black,33
19-0213,male,white,21
19-0214,male,black,51
19-0215,male,multi ethnic,23
19-0216,female,latino,66
19-0217,female,black,53
19-0218,male,black,56
19-0219,male,black,33
19-0220,male,latino,45
19-0221,female,white,39
19-0222,female,latino,33
19-0223,female,black,55
19-0224,male,white,60
19-0225,female,black,53
19-0226,male,white,29
19-0227,female,white,32
19-0228,male,black,25
19-0229,male,black,43
19-0230,male,latino,14
19-0231,male,,
19-0231,male,white,52
19-0232,female,white,57
19-0233,male,black,23
19-0234,female,,
19-0235,male,,32
19-0236,male,white,69
19-0237,female,black,29
19-0238,female,black,38
19-0239,male,black,35
19-0240,female,black,60
19-0241,female,white,55
19-0242,female,black,32
19-0243,male,black,24
19-0244,male,black,23
19-0245,,,
19-0245,male,black,35
19-0246,female,white,56
19-0248,male,white,23
19-0249,female,black,48
19-0250,female,white,39
19-0251,male,black,34
19-0252,male,black,41
19-0253,male,,38
19-0254,female,black,54
19-0255,male,black,20
19-0256,male,black,47
19-0257,male,black,55
19-0258,male,black,20
19-0259,female,white,30
19-0260,male,white,43
19-0261,male,latino,35
19-0262,male,,37
19-0263,male,white,43
19-0264,male,white,26
19-0265,male,black,30
19-0266,male,black,28
19-0267,female,black,34
19-0268,female,white,51
19-0269,female,black,33
19-0270,male,,
19-0270,female,,
19-0271,male,black,45
19-0273,male,black,40
19-0274,male,black,-1
19-0275,female,white,
19-0276,female,,
19-0277,male,,26
19-0277,male,white,52
19-0278,male,white,20
19-0279,female,asian,24
19-0280,female,black,42
19-0281,male,white,59
19-0282,female,,
19-0282,male,,
19-0283,female,black,22
19-0284,male,,47
19-0285,female,,37
19-0286,male,black,29
19-0287,male,black,-1
19-0288,female,black,41
19-0289,female,black,45
19-0290,male,latino,29
19-0291,female,black,
19-0292,female,latino,38
19-0293,male,black,47
19-0294,male,black,28
19-0295,male,black,71
19-0296,male,white,56
19-0297,male,white,
19-0298,female,black,24
19-0299,male,black,55
19-0300,male,black,39
19-0301,female,,
19-0302,female,black,51
19-0303,female,black,25
19-0304,male,black,
19-0304,female,black,
19-0305,male,black,67
19-0306,female,black,40
19-0307,female,asian,48
19-0308,male,black,
19-0309,male,black,31
19-0310,male,,
19-0311,male,white,62
19-0312,male,black,59
19-0313,female,white,25
19-0314,male,black,26
19-0315,female,black,47
19-0317,male,black,31
19-0318,female,latino,
19-0319,male,black,26
19-0320,male,black,27
19-0321,female,black,33
19-0322,male,black,35
19-0323,male,black,58
19-0324,female,black,51
19-0325,male,black,32
19-0326,male,black,32
19-0327,female,asian,28
19-0328,female,black,34
19-0329,male,black,28
19-0330,female,black,55
19-0331,female,white,24
19-0332,male,black,10
19-0333,male,black,36
19-0334,male,black,49
19-0335,male,white,30
19-0336,female,black,21
19-0337,female,black,46
19-0338,female,black,23
19-0339,female,black,41
19-0340,male,white,57
19-0341,male,black,52
19-0342,female,black,31
19-0343,male,black,35
19-0344,female,black,56
19-0345,male,black,25
19-0346,male,black,25
19-0347,female,white,36
19-0348,female,black,39
19-0349,female,,
19-0350,male,black,53
19-0351,male,middle east,42
19-0352,male,black,39
19-0353,female,black,45
19-0354,male,black,27
19-0355,female,black,56
19-0356,male,black,23
19-0357,female,black,21
19-0358,female,white,52
19-0359,male,black,47
19-0360,female,black,41
19-0361,male,asian,
19-0362,male,white,80
19-0363,female,white,32
19-0364,female,,
19-0365,female,black,47
19-0366,female,,42
19-0367,female,white,68
19-0368,female,black,49
19-0369,female,black,58
19-0370,male,black,48
19-0371,female,,44
19-0372,male,,
19-0373,female,black,
19-0373,male,black,23
19-0374,male,black,
19-0375,female,black,
19-0376,female,black,29
19-0377,male,black,48
19-0378,male,black,30
19-0379,female,black,59
19-0380,female,,46
19-0381,female,white,20
19-0382,female,black,48
19-0383,male,black,52
19-0384,male,,
19-0384,male,,
19-0385,male,black,53
19-0386,male,black,31
19-0387,male,white,62
19-0388,female,,
19-0389,male,black,26
19-0390,female,black,43
19-0391,male,black,63
19-0392,male,black,37
19-0393,male,black,55
19-0394,female,black,49
19-0395,male,black,45
19-0396,female,white,33
19-0397,female,white,53
19-0398,female,,30
19-0399,female,black,56
19-0400,female,black,42
19-0401,male,,34
19-0402,female,black,38
19-0403,male,black,
19-0404,female,,
19-0404,male,black,12
19-0405,female,black,40
19-0406,female,black,40
19-0407,female,black,26
19-0408,male,latino,55
19-0409,male,,19
19-0410,male,white,37
19-0411,female,,50
19-0412,female,black,43
19-0413,,,
19-0414,male,black,32
19-0415,male,black,24
19-0416,male,black,22
19-0417,male,black,47
19-0418,male,black,55
19-0419,female,,41
19-0420,female,black,44
19-0421,female,white,55
19-0422,male,black,22
19-0423,female,black,46
19-0424,female,,
19-0424,male,,
19-0425,male,black,33
19-0426,male,black,69
19-0427,male,asian,27
19-0428,female,black,46
19-0429,male,black,23
19-0430,male,white,76
19-0431,male,black,31
19-0432,male,black,25
19-0433,male,black,54
19-0434,female,black,26
19-0435,male,white,49
19-0436,female,white,42
19-0437,female,white,37
19-0439,male,,
19-0440,female,black,49
19-0441,female,,43
19-0442,female,white,28
19-0443,male,black,
19-0444,male,black,49
19-0445,male,black,
19-0446,female,black,23
19-0447,male,white,48
19-0448,male,black,47
19-0449,female,black,39
19-0450,male,black,31
19-0451,male,black,40
19-0452,male,black,43
19-0453,male,,
19-0454,male,black,40
19-0454,female,black,
19-0455,male,black,
19-0456,female,,
19-0457,male,white,72
19-0458,female,black,26
19-0459,male,black,28
19-0460,female,black,43
19-0461,male,,
19-0461,female,,30
19-0462,male,black,48
19-0463,male,black,28
19-0464,male,,23
19-0465,female,black,39
19-0466,male,black,28
19-0467,male,white,57
19-0468,,,
19-0469,female,black,46
19-0470,female,white,35
19-0471,male,black,40
19-0472,,,
19-0473,female,black,48
19-0474,male,black,39
19-0475,male,latino,23
19-0476,male,black,29
19-0477,female,,28
19-0478,female,black,32
19-0480,female,,
19-0481,female,black,51
19-0482,female,black,
19-0483,male,black,47
19-0484,female,black,75
19-0485,male,black,28
19-0486,male,black,43
19-0487,female,,
19-0488,female,black,25
19-0489,male,black,59
19-0490,male,white,29
19-0491,male,white,70
19-0492,male,asian,33
19-0493,male,black,50
19-0494,female,white,43
19-0494,male,,
19-0495,female,black,38
19-0496,female,black,35
19-0497,male,black,30
19-0498,male,black,48
19-0499,female,black,23
19-0500,female,black,49
19-0501,male,latino,59
19-0502,male,black,42
19-0503,female,white,36
19-0504,female,latino,20
19-0505,male,black,30
19-0506,male,black,36
19-0507,male,black,29
19-0508,male,black,45
19-0509,male,black,28
19-0510,female,black,26
19-0511,female,black,54
19-0512,male,black,31
19-0513,female,white,36
19-0514,,,
19-0515,male,white,40
19-0516,male,black,39
19-0517,female,white,29
19-0518,female,black,22
19-0519,male,black,54
19-0520,male,black,33
19-0521,male,black,25
19-0522,male,black,21
19-0523,female,black,40
19-0524,male,black,37
19-0525,female,white,34
19-0526,male,black,36
19-0527,male,black,31
19-0528,female,black,39
19-0529,male,black,
19-0530,male,white,26
19-0531,male,white,22
19-0532,male,black,31
19-0533,male,black,45
19-0534,male,black,20
19-0534,male,black,48
19-0535,male,black,32
19-0536,male,latino,45
19-0537,female,white,41
19-0538,female,black,30
19-0539,female,,
19-0540,female,,
19-0541,male,black,65
19-0542,female,black,60
19-0543,male,multi ethnic,31
19-0544,male,white,49
19-0545,,,
19-0547,female,,
19-0548,female,black,45
19-0549,female,black,44
19-0550,female,white,42
19-0551,female,,
19-0552,female,latino,42
19-0552,male,black,
19-0553,male,black,23
19-0554,male,black,29
19-0555,male,latino,34
19-0556,male,black,37
19-0557,female,latino,60
19-0558,female,black,39
19-0559,,,
19-0560,male,white,43
19-0561,female,black,36
19-0562,male,white,65
19-0563,male,latino,41
19-0564,female,black,39
19-0565,female,black,
19-0566,male,,
19-0567,male,,
19-0568,female,,
19-0569,,,
19-0570,female,white,40
19-0571,male,white,45
19-0572,female,black,
19-0573,female,black,
19-0574,male,black,54
19-0575,female,black,29
19-0576,female,,
19-0577,male,,36
19-0578,male,white,36
19-0579,female,black,
19-0580,female,white,
19-0581,,,
19-0582,male,white,69
19-0583,male,white,62
19-0584,male,asian,
19-0585,female,,
19-0586,,,
19-0587,male,black,50
19-0588,female,,28
19-0589,female,,
19-0590,male,black,47
19-0591,female,,
19-0592,female,black,34
19-0593,female,black,28
19-0594,male,black,
19-0595,female,,
19-0595,female,,
19-0596,female,black,29
19-0597,female,,36
19-0598,male,latino,45
19-0600,female,white,54
19-0601,female,black,27
19-0602,female,white,31
19-0603,male,white,39
19-0604,male,white,61
19-0605,male,black,36
19-0606,,,
19-0607,male,black,24
19-0608,male,black,72
19-0609,male,black,30
19-0610,female,latino,30
19-0611,female,latino,45
19-0611,male,latino,16
19-0612,male,black,
19-0613,male,black,33
19-0614,male,white,29
19-0615,male,white,33
19-0616,male,black,53
19-0617,male,black,74
19-0618,female,black,23
19-0619,female,black,31
19-0620,male,black,36
19-0621,female,white,48
19-0622,male,black,23
19-0623,female,latino,44
19-0624,male,black,26
19-0625,female,white,29
19-0626,male,black,23
19-0627,female,black,29
19-0628,,,
19-0628,female,black,
19-0629,female,black,46
19-0630,male,black,33
19-0631,male,black,
19-0632,,,
19-0633,male,black,52
19-0634,female,white,
19-0635,female,black,52
19-0636,female,,
19-0637,male,black,
19-0637,female,black,
19-0638,male,black,28
19-0639,female,latino,33
19-0640,female,black,23
19-0641,female,white,26
19-0642,male,black,39
19-0643,female,white,30
19-0644,male,black,26
19-0645,female,white,
19-0646,female,white,56
19-0646,female,white,30
19-0647,male,black,57
19-0648,male,white,17
19-0649,,,
19-0650,female,latino,34
19-0650,male,latino,43
19-0651,male,white,36
19-0652,male,black,39
19-0653,male,black,29
19-0654,female,black,20
19-0655,female,black,55
19-0656,male,,41
19-0657,male,black,33
19-0658,female,black,53
19-0659,female,black,
19-0660,female,black,
19-0661,male,white,23
19-0662,male,white,54
19-0663,female,black,21
19-0663,female,,
19-0664,male,black,33
19-0665,male,white,70
19-0666,male,black,36
19-0667,female,black,22
19-0668,male,,
19-0668,female,,36
19-0669,male,white,46
19-0670,female,,
19-0671,male,black,33
19-0672,female,black,42
19-0673,female,white,60
19-0675,male,latino,42
19-0676,female,black,35
19-0677,male,black,31
19-0678,male,white,56
19-0679,male,white,18
19-0680,female,black,
19-0680,male,white,
19-0681,male,white,27
19-0682,female,white,60
20-0001,female,black,51
20-0002,female,,37
20-0003,female,black,55
20-0004,male,black,23
20-0005,male,other,31
20-0006,female,white,23
20-0007,male,white,33
20-0008,male,black,
20-0009,male,white,56
20-0010,female,black,46
20-0011,male,black,32
20-0012,male,black,33
20-0013,male,black,30
20-0014,female,latino,60
20-0014,male,latino,
20-0015,male,black,24
20-0016,female,black,43
20-0017,male,black,29
20-0018,male,,
20-0019,female,black,40
20-0020,female,black,37
20-0021,female,white,52
20-0022,female,black,37
20-0023,male,black,40
20-0024,male,latino,20
20-0025,female,black,29
20-0026,female,black,62
20-0027,female,black,44
20-0028,female,black,28
20-0029,female,black,28
20-0030,male,black,35
20-0031,female,black,50
20-0032,male,,23
20-0033,female,black,
20-0034,male,black,33
20-0035,female,black,26
20-0036,female,black,37
20-0037,male,,
20-0038,male,black,44
20-0039,female,black,55
20-0040,,,
20-0041,male,,
20-0042,female,black,52
20-0043,,,
20-0044,female,black,22
20-0045,male,black,32
20-0046,male,,
20-0047,female,black,57
20-0048,female,white,41
20-0049,,,
20-0050,male,black,
20-0051,male,latino,35
20-0052,female,black,35
20-0053,male,white,67
20-0054,female,black,54
20-0055,male,black,25
20-0056,male,white,21
20-0057,female,latino,41
20-0058,male,black,
20-0059,male,white,1
20-0060,female,white,27
20-0061,female,black,50
20-0062,female,,
20-0063,female,indian,
20-0064,female,white,35
20-0065,male,black,
20-0065,male,black,36
20-0066,male,black,32
20-0067,male,black,20
20-0068,male,white,46
20-0069,male,white,32
20-0070,male,black,23
20-0071,male,black,43
20-0072,female,black,26
20-0073,female,black,68
20-0074,female,black,30
20-0075,,,
20-0076,female,black,
20-0077,female,black,22
20-0078,female,black,44
20-0079,female,white,26
20-0080,female,white,21
20-0081,female,white,29
20-0082,female,latino,50
20-0083,male,black,34
20-0084,female,,
20-0085,female,multi ethnic,27
20-0086,female,black,
20-0087,female,black,31
20-0088,male,black,49
20-0089,female,,72
20-0090,female,,58
20-0091,male,black,
20-0092,male,white,27
20-0093,male,white,33
20-0094,,,
20-0095,female,white,
20-0096,female,black,42
20-0097,male,black,62
20-0098,female,black,47
20-0099,female,latino,41
20-0100,male,black,
20-0101,male,black,
20-0102,male,black,
20-0103,male,black,
20-0104,male,black,
20-0105,male,black,
20-0106,male,white,23
20-0107,,,
20-0108,male,black,51
20-0109,male,white,51
20-0110,male,latino,
20-0111,female,black,69
20-0112,male,black,40
20-0113,male,black,45
20-0114,female,black,41
20-0115,female,white,32
20-0116,female,black,45
20-0117,female,black,
20-0118,female,,41
20-0119,male,black,40
20-0120,male,black,19
20-0121,female,black,25
20-0122,male,,38
20-0123,male,black,
20-0124,male,,
20-0125,male,white,25
20-0126,male,,
20-0126,female,white,
20-0126,male,white,26
20-0127,male,black,27
20-0128,male,black,46
20-0129,male,latino,
20-0130,male,black,23
20-0131,female,black,33
20-0132,female,white,37
20-0133,female,white,51
20-0134,female,,32
20-0135,male,black,17
20-0136,female,black,38
20-0137,male,black,63
20-0138,male,,
20-0139,male,latino,35
20-0140,male,black,36
20-0141,female,black,44
20-0141,male,black,16
20-0142,female,black,
20-0143,female,latino,62
20-0144,male,black,27
20-0145,male,white,30
20-0146,male,,
20-0147,female,,
20-0148,female,black,
20-0149,female,black,36
